TradeID,Timestamp,Action,Direction,Entry,SL,TP,RiskPoints,RewardPoints,RR,Bar,EntryBarTime,StructureID,Status,ExitReason,ExitBar,ExitBarTime,ExitPrice,PnLPoints,PnLDollars
T0001,2025-10-28 15:17:43,REGISTERED,BUY,6518,00,6509,00,6527,00,9,00,9,00,1,00,2929,2025-08-13 04:15:00,6e0fba54-dd73-4206-a9f1-8c3fc95af83f,PENDING,,-,-,-,-,-
T0001,2025-10-28 15:17:43,EXPIRED,BUY,6518,00,-,-,-,-,-,2975,2025-08-13 15:45:00,-,EXPIRED,Distancia: 34,75 pts,-,-,-,-,-
T0002,2025-10-28 15:17:44,REGISTERED,BUY,6521,50,6517,55,6527,75,3,95,6,25,1,58,2981,2025-08-13 17:15:00,fcb7a7bb-2b3b-42fc-821f-9ff5dd308811,PENDING,,-,-,-,-,-
T0002,2025-10-28 15:17:44,EXPIRED,BUY,6521,50,-,-,-,-,-,3001,2025-08-13 22:15:00,-,EXPIRED,estructura no existe,-,-,-,-,-
T0003,2025-10-28 15:17:44,REGISTERED,BUY,6536,25,6531,25,6548,50,5,00,12,25,2,45,3069,2025-08-14 16:15:00,4deed286-da39-425c-b447-96108d2a017e,PENDING,,-,-,-,-,-
T0003,2025-10-28 15:17:44,CLOSED,BUY,6536,25,-,6548,50,-,-,-,3069,2025-08-14 16:15:00,-,TP_HIT,TP,3072,2025-08-14 17:00:00,6548,50,12,25,61,25
T0004,2025-10-28 15:17:44,REGISTERED,BUY,6525,25,6522,25,6543,00,3,00,17,75,5,92,3074,2025-08-14 17:30:00,393dd262-b7dd-4711-b098-09e14dcf2606,PENDING,,-,-,-,-,-
T0004,2025-10-28 15:17:44,CANCELLED,BUY,6525,25,-,-,-,-,-,3077,2025-08-14 18:15:00,-,CANCELLED,BOS contradictorio,-,-,-,-,-
T0005,2025-10-28 15:17:44,REGISTERED,SELL,6531,00,6545,95,6509,75,14,95,21,25,1,42,3077,2025-08-14 18:15:00,4490216f-7ee7-411b-a17c-1150dd5172b0,PENDING,,-,-,-,-,-
T0005,2025-10-28 15:17:44,CLOSED,SELL,6531,00,6545,95,-,-,-,-,3077,2025-08-14 18:15:00,-,SL_HIT,SL,3082,2025-08-14 19:30:00,6545,95,-14,95,-74,75
T0006,2025-10-28 15:17:45,REGISTERED,BUY,6554,75,6544,05,6565,45,10,70,10,70,1,00,3129,2025-08-15 08:15:00,a030d3d9-99b6-405c-b8fe-5df699f0396c,PENDING,,-,-,-,-,-
T0006,2025-10-28 15:17:45,CLOSED,BUY,6554,75,6544,05,-,-,-,-,3129,2025-08-15 08:15:00,-,SL_HIT,SL,3159,2025-08-15 15:45:00,6544,05,-10,70,-53,50
T0007,2025-10-28 15:17:47,REGISTERED,BUY,6523,75,6510,55,6536,95,13,20,13,20,1,00,3345,2025-08-19 16:15:00,0628df9c-b4d2-425b-87d7-56b48dbe82cf,PENDING,,-,-,-,-,-
T0007,2025-10-28 15:17:47,CLOSED,BUY,6523,75,6510,55,-,-,-,-,3345,2025-08-19 16:15:00,-,SL_HIT,SL,3347,2025-08-19 16:45:00,6510,55,-13,20,-66,00
T0008,2025-10-28 15:17:47,REGISTERED,SELL,6444,25,6447,25,6441,25,3,00,3,00,1,00,3441,2025-08-20 17:15:00,355e445e-ea2f-4e17-ac2d-e8542aab3f45,PENDING,,-,-,-,-,-
T0008,2025-10-28 15:17:47,CLOSED,SELL,6444,25,6447,25,-,-,-,-,3441,2025-08-20 17:15:00,-,SL_HIT,SL,3443,2025-08-20 17:45:00,6447,25,-3,00,-15,00
T0009,2025-10-28 15:17:48,REGISTERED,SELL,6444,25,6447,25,6437,50,3,00,6,75,2,25,3453,2025-08-20 20:15:00,355e445e-ea2f-4e17-ac2d-e8542aab3f45,PENDING,,-,-,-,-,-
T0009,2025-10-28 15:17:48,CLOSED,SELL,6444,25,6447,25,-,-,-,-,3453,2025-08-20 20:15:00,-,SL_HIT,SL,3455,2025-08-20 20:45:00,6447,25,-3,00,-15,00
T0010,2025-10-28 15:17:49,REGISTERED,SELL,6437,75,6451,45,6420,50,13,70,17,25,1,26,3593,2025-08-22 09:15:00,LG_15_20250822_081500_SellSide,PENDING,,-,-,-,-,-
T0010,2025-10-28 15:17:49,CANCELLED,SELL,6437,75,-,-,-,-,-,3605,2025-08-22 12:15:00,-,CANCELLED,BOS contradictorio,-,-,-,-,-
T0011,2025-10-28 15:17:49,REGISTERED,BUY,6528,75,6525,75,6550,25,3,00,21,50,7,17,3658,2025-08-25 02:30:00,249da194-123d-428d-a1ef-b563c44369fa,PENDING,,-,-,-,-,-
T0011,2025-10-28 15:17:50,CLOSED,BUY,6528,75,6525,75,-,-,-,-,3658,2025-08-25 02:30:00,-,SL_HIT,SL,3693,2025-08-25 11:15:00,6525,75,-3,00,-15,00
T0012,2025-10-28 15:17:50,REGISTERED,BUY,6525,25,6522,25,6528,25,3,00,3,00,1,00,3693,2025-08-25 11:15:00,2938cc76-560a-4bcf-8b26-7d75374529d7,PENDING,,-,-,-,-,-
T0012,2025-10-28 15:17:50,CLOSED,BUY,6525,25,6522,25,-,-,-,-,3693,2025-08-25 11:15:00,-,SL_HIT,SL,3698,2025-08-25 12:30:00,6522,25,-3,00,-15,00
T0013,2025-10-28 15:17:50,REGISTERED,BUY,6520,25,6517,25,6544,00,3,00,23,75,7,92,3698,2025-08-25 12:30:00,a5178c1c-8bd5-4a47-8d25-7671c4bc1818,PENDING,,-,-,-,-,-
T0013,2025-10-28 15:17:51,CLOSED,BUY,6520,25,6517,25,-,-,-,-,3698,2025-08-25 12:30:00,-,SL_HIT,SL,3736,2025-08-25 22:00:00,6517,25,-3,00,-15,00
T0014,2025-10-28 15:17:51,REGISTERED,BUY,6511,25,6507,00,6526,25,4,25,15,00,3,53,3736,2025-08-25 22:00:00,1633b6dd-61da-41e5-a939-681780345b62,PENDING,,-,-,-,-,-
T0014,2025-10-28 15:17:51,CLOSED,BUY,6511,25,6507,00,-,-,-,-,3736,2025-08-25 22:00:00,-,SL_HIT,SL,3749,2025-08-26 02:15:00,6507,00,-4,25,-21,25
T0015,2025-10-28 15:17:51,REGISTERED,BUY,6522,00,6509,55,6534,45,12,45,12,45,1,00,3749,2025-08-26 02:15:00,15476d4f-d511-4ec0-8c04-b8a4bb27697f,PENDING,,-,-,-,-,-
T0015,2025-10-28 15:17:53,CLOSED,BUY,6522,00,-,6534,45,-,-,-,3749,2025-08-26 02:15:00,-,TP_HIT,TP,3827,2025-08-26 21:45:00,6534,45,12,45,62,25
T0016,2025-10-28 15:17:53,REGISTERED,BUY,6541,75,6531,75,6551,75,10,00,10,00,1,00,3835,2025-08-27 00:45:00,347ee220-a3f3-4eb9-9c13-21bc8e8e2db8,PENDING,,-,-,-,-,-
T0016,2025-10-28 15:17:56,CLOSED,BUY,6541,75,6531,75,-,-,-,-,3835,2025-08-27 00:45:00,-,SL_HIT,SL,3894,2025-08-27 15:30:00,6531,75,-10,00,-50,00
T0017,2025-10-28 15:17:56,REGISTERED,BUY,6530,75,6526,00,6545,75,4,75,15,00,3,16,3894,2025-08-27 15:30:00,4b8f1fe6-11ee-472d-a58a-b08aa1ebdddb,PENDING,,-,-,-,-,-
T0017,2025-10-28 15:17:56,CLOSED,BUY,6530,75,-,6545,75,-,-,-,3894,2025-08-27 15:30:00,-,TP_HIT,TP,3898,2025-08-27 16:30:00,6545,75,15,00,75,00
T0018,2025-10-28 15:17:57,REGISTERED,BUY,6551,00,6538,55,6563,45,12,45,12,45,1,00,3922,2025-08-27 22:30:00,7d947879-ade9-4f36-a84d-7d57f2c57e89,PENDING,,-,-,-,-,-
T0018,2025-10-28 15:17:58,EXPIRED,BUY,6551,00,-,-,-,-,-,3959,2025-08-28 08:45:00,-,EXPIRED,score decayó a 0,41,-,-,-,-,-
T0019,2025-10-28 15:17:59,REGISTERED,BUY,6563,50,6548,55,6578,45,14,95,14,95,1,00,3993,2025-08-28 17:15:00,LG_60_20250828_160000_BuySide,PENDING,,-,-,-,-,-
T0019,2025-10-28 15:17:59,CLOSED,BUY,6563,50,-,6578,45,-,-,-,3993,2025-08-28 17:15:00,-,TP_HIT,TP,4012,2025-08-28 22:00:00,6578,45,14,95,74,75
T0020,2025-10-28 15:18:00,REGISTERED,BUY,6563,50,6558,55,6568,75,4,95,5,25,1,06,4045,2025-08-29 07:15:00,02d1cf22-60de-4f53-8e7f-47e5b2a943fe,PENDING,,-,-,-,-,-
T0020,2025-10-28 15:18:01,CLOSED,BUY,6563,50,6558,55,-,-,-,-,4045,2025-08-29 07:15:00,-,SL_HIT,SL,4057,2025-08-29 10:15:00,6558,55,-4,95,-24,75
T0021,2025-10-28 15:18:01,REGISTERED,BUY,6549,75,6542,25,6572,00,7,50,22,25,2,97,4066,2025-08-29 12:30:00,9bfa5e77-e7d6-4625-ac3a-06f323828d4b,PENDING,,-,-,-,-,-
T0021,2025-10-28 15:18:01,CANCELLED,BUY,6549,75,-,-,-,-,-,4067,2025-08-29 12:45:00,-,CANCELLED,BOS contradictorio,-,-,-,-,-
T0022,2025-10-28 15:18:01,REGISTERED,BUY,6557,25,6545,30,6575,75,11,95,18,50,1,55,4070,2025-08-29 13:30:00,8e07bf5d-b4fc-4878-8964-de7ec97dc5cd,PENDING,,-,-,-,-,-
T0022,2025-10-28 15:18:01,CANCELLED,BUY,6557,25,-,-,-,-,-,4071,2025-08-29 13:45:00,-,CANCELLED,BOS contradictorio,-,-,-,-,-
T0023,2025-10-28 15:18:01,REGISTERED,BUY,6566,50,6563,50,6569,50,3,00,3,00,1,00,4077,2025-08-29 15:15:00,005b64f2-ee36-4857-b803-3da3b616dd43,PENDING,,-,-,-,-,-
T0023,2025-10-28 15:18:01,CANCELLED,BUY,6566,50,-,-,-,-,-,4079,2025-08-29 15:45:00,-,CANCELLED,BOS contradictorio,-,-,-,-,-
T0024,2025-10-28 15:18:09,REGISTERED,BUY,6504,50,6490,05,6518,95,14,45,14,45,1,00,4324,2025-09-03 12:00:00,02dd46ae-1f9d-4c3a-97ef-d7d2a4be247c,PENDING,,-,-,-,-,-
T0024,2025-10-28 15:18:09,CANCELLED,BUY,6504,50,-,-,-,-,-,4335,2025-09-03 14:45:00,-,CANCELLED,BOS contradictorio,-,-,-,-,-
T0025,2025-10-28 15:18:09,REGISTERED,BUY,6515,50,6503,80,6527,20,11,70,11,70,1,00,4337,2025-09-03 15:15:00,90c181c5-450d-4ee2-9db8-426d0e4039ca,PENDING,,-,-,-,-,-
T0025,2025-10-28 15:18:09,CANCELLED,BUY,6515,50,-,-,-,-,-,4340,2025-09-03 16:00:00,-,CANCELLED,BOS contradictorio,-,-,-,-,-
T0026,2025-10-28 15:18:09,REGISTERED,BUY,6520,75,6509,30,6532,20,11,45,11,45,1,00,4343,2025-09-03 16:45:00,7cf2e553-1bc4-42da-8a73-bf40bf152bd8,PENDING,,-,-,-,-,-
T0026,2025-10-28 15:18:10,CLOSED,BUY,6520,75,6509,30,-,-,-,-,4343,2025-09-03 16:45:00,-,SL_HIT,SL,4346,2025-09-03 17:30:00,6509,30,-11,45,-57,25
T0027,2025-10-28 15:18:10,REGISTERED,BUY,6521,00,6509,30,6532,70,11,70,11,70,1,00,4369,2025-09-04 00:15:00,614742cf-9a02-4a93-86dd-6f8164e1f520,PENDING,,-,-,-,-,-
T0027,2025-10-28 15:18:13,CLOSED,BUY,6521,00,-,6532,70,-,-,-,4369,2025-09-04 00:15:00,-,TP_HIT,TP,4435,2025-09-04 16:45:00,6532,70,11,70,58,50
T0028,2025-10-28 15:18:13,REGISTERED,BUY,6533,25,6521,80,6544,70,11,45,11,45,1,00,4438,2025-09-04 17:30:00,a8372e68-ecec-4b3d-a1c3-54c7c27f5974,PENDING,,-,-,-,-,-
T0028,2025-10-28 15:18:14,EXPIRED,BUY,6533,25,-,-,-,-,-,4458,2025-09-04 22:30:00,-,EXPIRED,score decayó a 0,47,-,-,-,-,-
T0029,2025-10-28 15:18:15,REGISTERED,BUY,6576,75,6566,00,6587,50,10,75,10,75,1,00,4479,2025-09-05 04:45:00,LG_15_20250905_044500_BuySide,PENDING,,-,-,-,-,-
T0029,2025-10-28 15:18:15,CLOSED,BUY,6576,75,-,6587,50,-,-,-,4479,2025-09-05 04:45:00,-,TP_HIT,TP,4494,2025-09-05 08:30:00,6587,50,10,75,53,75
T0030,2025-10-28 15:18:15,REGISTERED,BUY,6584,00,6571,05,6596,95,12,95,12,95,1,00,4495,2025-09-05 08:45:00,043d5b77-800d-42e2-b52f-cb4948264748,PENDING,,-,-,-,-,-
T0030,2025-10-28 15:18:16,CLOSED,BUY,6584,00,6571,05,-,-,-,-,4495,2025-09-05 08:45:00,-,SL_HIT,SL,4518,2025-09-05 14:30:00,6571,05,-12,95,-64,75
T0031,2025-10-28 15:18:16,REGISTERED,BUY,6574,00,6569,50,6578,50,4,50,4,50,1,00,4518,2025-09-05 14:30:00,66746be0-8d06-42a0-9cfc-8e18e9c1b34f,PENDING,,-,-,-,-,-
T0031,2025-10-28 15:18:16,CLOSED,BUY,6574,00,-,6578,50,-,-,-,4518,2025-09-05 14:30:00,-,TP_HIT,TP,4520,2025-09-05 15:00:00,6578,50,4,50,22,50
T0032,2025-10-28 15:18:16,REGISTERED,BUY,6565,25,6554,00,6576,50,11,25,11,25,1,00,4525,2025-09-05 16:15:00,022a743d-6302-4db8-ac63-7211e0338ffe,PENDING,,-,-,-,-,-
T0032,2025-10-28 15:18:17,CLOSED,BUY,6565,25,6554,00,-,-,-,-,4525,2025-09-05 16:15:00,-,SL_HIT,SL,4527,2025-09-05 16:45:00,6554,00,-11,25,-56,25
T0033,2025-10-28 15:18:17,REGISTERED,BUY,6537,75,6534,75,6576,75,3,00,39,00,13,00,4531,2025-09-05 17:45:00,8efe7f15-c891-4185-9537-4de63eddde82,PENDING,,-,-,-,-,-
T0033,2025-10-28 15:18:17,CLOSED,BUY,6537,75,6534,75,-,-,-,-,4531,2025-09-05 17:45:00,-,SL_HIT,SL,4533,2025-09-05 18:15:00,6534,75,-3,00,-15,00
T0034,2025-10-28 15:18:17,REGISTERED,BUY,6537,75,6534,75,6577,75,3,00,40,00,13,33,4533,2025-09-05 18:15:00,8efe7f15-c891-4185-9537-4de63eddde82,PENDING,,-,-,-,-,-
T0034,2025-10-28 15:18:17,CLOSED,BUY,6537,75,6534,75,-,-,-,-,4533,2025-09-05 18:15:00,-,SL_HIT,SL,4535,2025-09-05 18:45:00,6534,75,-3,00,-15,00
T0035,2025-10-28 15:18:17,REGISTERED,BUY,6551,75,6546,25,6598,50,5,50,46,75,8,50,4546,2025-09-05 21:30:00,c2fc9670-8b01-4c3a-a04f-85432019df51,PENDING,,-,-,-,-,-
T0035,2025-10-28 15:18:18,CANCELLED,BUY,6551,75,-,-,-,-,-,4547,2025-09-05 21:45:00,-,CANCELLED,BOS contradictorio,-,-,-,-,-
T0036,2025-10-28 15:18:18,REGISTERED,BUY,6537,75,6527,30,6583,00,10,45,45,25,4,33,4549,2025-09-05 22:15:00,8efe7f15-c891-4185-9537-4de63eddde82,PENDING,,-,-,-,-,-
T0036,2025-10-28 15:18:24,CLOSED,BUY,6537,75,-,6583,00,-,-,-,4549,2025-09-05 22:15:00,-,TP_HIT,TP,4732,2025-09-09 22:00:00,6583,00,45,25,226,25
T0037,2025-10-28 15:18:24,REGISTERED,BUY,6580,25,6567,30,6593,20,12,95,12,95,1,00,4736,2025-09-09 23:00:00,LG_15_20250909_220000_BuySide,PENDING,,-,-,-,-,-
T0037,2025-10-28 15:18:25,EXPIRED,BUY,6580,25,-,-,-,-,-,4756,2025-09-10 05:00:00,-,EXPIRED,estructura no existe,-,-,-,-,-
T0038,2025-10-28 15:18:25,REGISTERED,BUY,6596,75,6583,05,6610,45,13,70,13,70,1,00,4770,2025-09-10 08:30:00,LG_15_20250910_083000_BuySide,PENDING,,-,-,-,-,-
T0038,2025-10-28 15:18:26,CLOSED,BUY,6596,75,-,6610,45,-,-,-,4770,2025-09-10 08:30:00,-,TP_HIT,TP,4795,2025-09-10 14:45:00,6610,45,13,70,68,50
T0039,2025-10-28 15:18:26,REGISTERED,BUY,6590,75,6583,00,6598,50,7,75,7,75,1,00,4811,2025-09-10 18:45:00,5b3014e2-3eaf-4e39-8035-3be9b0b225bd,PENDING,,-,-,-,-,-
T0039,2025-10-28 15:18:27,CLOSED,BUY,6590,75,6583,00,-,-,-,-,4811,2025-09-10 18:45:00,-,SL_HIT,SL,4821,2025-09-10 21:15:00,6583,00,-7,75,-38,75
T0040,2025-10-28 15:18:27,REGISTERED,BUY,6582,00,6578,50,6596,75,3,50,14,75,4,21,4821,2025-09-10 21:15:00,a9b29cd1-e811-4629-9e23-bb153f419e49,PENDING,,-,-,-,-,-
T0040,2025-10-28 15:18:27,CLOSED,BUY,6582,00,-,6596,75,-,-,-,4821,2025-09-10 21:15:00,-,TP_HIT,TP,4824,2025-09-10 22:00:00,6596,75,14,75,73,75
T0041,2025-10-28 15:18:27,REGISTERED,BUY,6595,75,6585,80,6605,70,9,95,9,95,1,00,4825,2025-09-10 22:15:00,136f7baa-e90e-4e79-8b83-4253fd18f47d,PENDING,,-,-,-,-,-
T0041,2025-10-28 15:18:28,CLOSED,BUY,6595,75,-,6605,70,-,-,-,4825,2025-09-10 22:15:00,-,TP_HIT,TP,4863,2025-09-11 08:45:00,6605,70,9,95,49,75
T0042,2025-10-28 15:18:29,REGISTERED,BUY,6606,00,6593,55,6618,75,12,45,12,75,1,02,4889,2025-09-11 15:15:00,90db99ed-05e8-4dda-a976-653f9760154c,PENDING,,-,-,-,-,-
T0042,2025-10-28 15:18:29,EXPIRED,BUY,6606,00,-,-,-,-,-,4895,2025-09-11 16:45:00,-,EXPIRED,Distancia: 36,50 pts,-,-,-,-,-
T0043,2025-10-28 15:18:30,REGISTERED,BUY,6641,75,6638,75,6644,75,3,00,3,00,1,00,4925,2025-09-12 01:15:00,145307b7-015a-4272-85ce-5f2e72f35425,PENDING,,-,-,-,-,-
T0043,2025-10-28 15:18:31,CLOSED,BUY,6641,75,6638,75,-,-,-,-,4925,2025-09-12 01:15:00,-,SL_HIT,SL,4961,2025-09-12 10:15:00,6638,75,-3,00,-15,00
T0044,2025-10-28 15:18:31,REGISTERED,BUY,6643,75,6639,25,6648,25,4,50,4,50,1,00,4962,2025-09-12 10:30:00,ea03b17e-86d4-41b5-80a7-34c32d04d545,PENDING,,-,-,-,-,-
T0044,2025-10-28 15:18:32,CLOSED,BUY,6643,75,-,6648,25,-,-,-,4962,2025-09-12 10:30:00,-,TP_HIT,TP,4981,2025-09-12 15:15:00,6648,25,4,50,22,50
T0045,2025-10-28 15:18:32,REGISTERED,BUY,6635,50,6632,50,6648,00,3,00,12,50,4,17,4983,2025-09-12 15:45:00,f77f81fa-8a13-4d9a-8440-981edc1059a7,PENDING,,-,-,-,-,-
T0045,2025-10-28 15:18:33,EXPIRED,BUY,6635,50,-,-,-,-,-,5003,2025-09-12 20:45:00,-,EXPIRED,score decayó a 0,30,-,-,-,-,-
T0046,2025-10-28 15:18:33,REGISTERED,BUY,6639,75,6632,55,6648,00,7,20,8,25,1,15,5018,2025-09-15 01:30:00,LG_15_20250912_214500_SellSide,PENDING,,-,-,-,-,-
T0046,2025-10-28 15:18:34,EXPIRED,BUY,6639,75,-,-,-,-,-,5038,2025-09-15 06:30:00,-,EXPIRED,estructura no existe,-,-,-,-,-
T0047,2025-10-28 15:18:35,REGISTERED,BUY,6666,75,6653,55,6679,95,13,20,13,20,1,00,5077,2025-09-15 16:15:00,b9cd462f-eb90-4864-8357-f2cc45e7c665,PENDING,,-,-,-,-,-
T0047,2025-10-28 15:18:36,CLOSED,BUY,6666,75,-,6679,95,-,-,-,5077,2025-09-15 16:15:00,-,TP_HIT,TP,5100,2025-09-15 22:00:00,6679,95,13,20,66,00
T0048,2025-10-28 15:18:36,REGISTERED,BUY,6663,50,6650,80,6677,00,12,70,13,50,1,06,5108,2025-09-16 01:00:00,LG_15_20250915_204500_SellSide,PENDING,,-,-,-,-,-
T0048,2025-10-28 15:18:37,EXPIRED,BUY,6663,50,-,-,-,-,-,5128,2025-09-16 06:00:00,-,EXPIRED,estructura no existe,-,-,-,-,-
T0049,2025-10-28 15:18:37,REGISTERED,BUY,6687,25,6672,80,6701,70,14,45,14,45,1,00,5138,2025-09-16 08:30:00,769d4982-6741-432b-a021-04b177578fb8,PENDING,,-,-,-,-,-
T0049,2025-10-28 15:18:38,CLOSED,BUY,6687,25,6672,80,-,-,-,-,5138,2025-09-16 08:30:00,-,SL_HIT,SL,5168,2025-09-16 16:00:00,6672,80,-14,45,-72,25
T0050,2025-10-28 15:18:38,REGISTERED,BUY,6672,75,6669,75,6678,50,3,00,5,75,1,92,5168,2025-09-16 16:00:00,16cbb0ef-e610-4c20-87bd-49f5c45fc20a,PENDING,,-,-,-,-,-
T0050,2025-10-28 15:18:38,CLOSED,BUY,6672,75,6669,75,-,-,-,-,5168,2025-09-16 16:00:00,-,SL_HIT,SL,5170,2025-09-16 16:30:00,6669,75,-3,00,-15,00
T0051,2025-10-28 15:18:38,REGISTERED,BUY,6670,25,6660,50,6689,00,9,75,18,75,1,92,5172,2025-09-16 17:00:00,LG_15_20250916_160000_SellSide,PENDING,,-,-,-,-,-
T0051,2025-10-28 15:18:41,CLOSED,BUY,6670,25,6660,50,-,-,-,-,5172,2025-09-16 17:00:00,-,SL_HIT,SL,5239,2025-09-17 10:45:00,6660,50,-9,75,-48,75
T0052,2025-10-28 15:18:41,REGISTERED,SELL,6665,25,6679,50,6651,00,14,25,14,25,1,00,5242,2025-09-17 11:30:00,569e6ed9-59b6-4710-871f-1aefbcf118a2,PENDING,,-,-,-,-,-
T0052,2025-10-28 15:18:42,CLOSED,SELL,6665,25,-,6651,00,-,-,-,5242,2025-09-17 11:30:00,-,TP_HIT,TP,5271,2025-09-17 18:45:00,6651,00,14,25,71,25
T0053,2025-10-28 15:18:42,REGISTERED,SELL,6664,00,6678,75,6649,25,14,75,14,75,1,00,5278,2025-09-17 20:30:00,d62d94f1-c6b4-4ac1-a7d4-a40c038c9084,PENDING,,-,-,-,-,-
T0053,2025-10-28 15:18:42,CLOSED,SELL,6664,00,-,6649,25,-,-,-,5278,2025-09-17 20:30:00,-,TP_HIT,TP,5280,2025-09-17 21:00:00,6649,25,14,75,73,75
T0054,2025-10-28 15:18:42,REGISTERED,SELL,6679,00,6686,95,6663,75,7,95,15,25,1,92,5282,2025-09-17 21:30:00,0545e0fd-c52a-4c50-ad35-448dfe291501,PENDING,,-,-,-,-,-
T0054,2025-10-28 15:18:43,CLOSED,SELL,6679,00,6686,95,-,-,-,-,5282,2025-09-17 21:30:00,-,SL_HIT,SL,5307,2025-09-18 04:45:00,6686,95,-7,95,-39,75
T0055,2025-10-28 15:18:43,REGISTERED,BUY,6676,75,6673,75,6684,50,3,00,7,75,2,58,5318,2025-09-18 07:30:00,875d3a30-cedf-47a5-ba37-a7b8286d5001,PENDING,,-,-,-,-,-
T0055,2025-10-28 15:18:44,EXPIRED,BUY,6676,75,-,-,-,-,-,5338,2025-09-18 12:30:00,-,EXPIRED,score decayó a 0,36,-,-,-,-,-
T0056,2025-10-28 15:18:44,REGISTERED,BUY,6710,00,6703,50,6716,50,6,50,6,50,1,00,5338,2025-09-18 12:30:00,d74c7106-6ead-4bc2-b40e-fcc6b74ce4d6,PENDING,,-,-,-,-,-
T0056,2025-10-28 15:18:44,CLOSED,BUY,6710,00,-,6716,50,-,-,-,5338,2025-09-18 12:30:00,-,TP_HIT,TP,5341,2025-09-18 13:15:00,6716,50,6,50,32,50
T0057,2025-10-28 15:18:44,REGISTERED,BUY,6711,00,6703,50,6718,50,7,50,7,50,1,00,5341,2025-09-18 13:15:00,e45bdb34-c1f5-40df-88c3-c401a61ee000,PENDING,,-,-,-,-,-
T0057,2025-10-28 15:18:44,CLOSED,BUY,6711,00,6703,50,-,-,-,-,5341,2025-09-18 13:15:00,-,SL_HIT,SL,5347,2025-09-18 14:45:00,6703,50,-7,50,-37,50
T0058,2025-10-28 15:18:44,REGISTERED,BUY,6710,50,6707,25,6713,75,3,25,3,25,1,00,5347,2025-09-18 14:45:00,2068521e-c97b-4a8b-8f75-4ad9a9d106b3,PENDING,,-,-,-,-,-
T0058,2025-10-28 15:18:44,CANCELLED,BUY,6710,50,-,-,-,-,-,5351,2025-09-18 15:45:00,-,CANCELLED,BOS contradictorio,-,-,-,-,-
T0059,2025-10-28 15:18:45,REGISTERED,BUY,6709,75,6706,75,6712,75,3,00,3,00,1,00,5353,2025-09-18 16:15:00,ea68b7ed-db9e-44d4-a56a-4b93fa9cd9cd,PENDING,,-,-,-,-,-
T0059,2025-10-28 15:18:45,CLOSED,BUY,6709,75,6706,75,-,-,-,-,5353,2025-09-18 16:15:00,-,SL_HIT,SL,5355,2025-09-18 16:45:00,6706,75,-3,00,-15,00
T0060,2025-10-28 15:18:45,REGISTERED,BUY,6708,25,6705,25,6717,25,3,00,9,00,3,00,5355,2025-09-18 16:45:00,cf81181c-8303-443d-90fb-8ef43f3ece2d,PENDING,,-,-,-,-,-
T0060,2025-10-28 15:18:45,CLOSED,BUY,6708,25,6705,25,-,-,-,-,5355,2025-09-18 16:45:00,-,SL_HIT,SL,5359,2025-09-18 17:45:00,6705,25,-3,00,-15,00
T0061,2025-10-28 15:18:45,REGISTERED,BUY,6717,25,6706,50,6728,00,10,75,10,75,1,00,5359,2025-09-18 17:45:00,LG_15_20250918_164500_BuySide,PENDING,,-,-,-,-,-
T0061,2025-10-28 15:18:49,EXPIRED,BUY,6717,25,-,-,-,-,-,5465,2025-09-19 21:15:00,-,EXPIRED,estructura no existe,-,-,-,-,-
T0062,2025-10-28 15:18:49,REGISTERED,BUY,6719,75,6708,30,6731,20,11,45,11,45,1,00,5466,2025-09-19 21:30:00,c4efd23e-6272-4701-a02c-92b0386199c8,PENDING,,-,-,-,-,-
T0062,2025-10-28 15:18:50,CLOSED,BUY,6719,75,6708,30,-,-,-,-,5466,2025-09-19 21:30:00,-,SL_HIT,SL,5509,2025-09-22 09:15:00,6708,30,-11,45,-57,25
T0063,2025-10-28 15:18:50,REGISTERED,BUY,6697,25,6687,05,6712,25,10,20,15,00,1,47,5509,2025-09-22 09:15:00,2dfed8f1-a1e9-4c36-9064-9810d650268f,PENDING,,-,-,-,-,-
T0063,2025-10-28 15:18:51,CLOSED,BUY,6697,25,-,6712,25,-,-,-,5509,2025-09-22 09:15:00,-,TP_HIT,TP,5535,2025-09-22 15:45:00,6712,25,15,00,75,00
T0064,2025-10-28 15:18:53,REGISTERED,BUY,6752,25,6744,05,6760,45,8,20,8,20,1,00,5580,2025-09-23 04:00:00,LG_15_20250923_040000_BuySide,PENDING,,-,-,-,-,-
T0064,2025-10-28 15:18:54,CLOSED,BUY,6752,25,6744,05,-,-,-,-,5580,2025-09-23 04:00:00,-,SL_HIT,SL,5617,2025-09-23 13:15:00,6744,05,-8,20,-41,00
T0065,2025-10-28 15:18:54,REGISTERED,BUY,6749,50,6742,50,6756,50,7,00,7,00,1,00,5617,2025-09-23 13:15:00,e658bf39-63d4-4a59-9eec-c557397f8406,PENDING,,-,-,-,-,-
T0065,2025-10-28 15:18:54,CLOSED,BUY,6749,50,-,6756,50,-,-,-,5617,2025-09-23 13:15:00,-,TP_HIT,TP,5628,2025-09-23 16:00:00,6756,50,7,00,35,00
T0066,2025-10-28 15:18:54,REGISTERED,BUY,6745,00,6741,00,6752,25,4,00,7,25,1,81,5628,2025-09-23 16:00:00,8d581efe-2ed1-48a2-8325-0833f9a1dc8f,PENDING,,-,-,-,-,-
T0066,2025-10-28 15:18:55,CLOSED,BUY,6745,00,6741,00,-,-,-,-,5628,2025-09-23 16:00:00,-,SL_HIT,SL,5635,2025-09-23 17:45:00,6741,00,-4,00,-20,00
T0067,2025-10-28 15:18:55,REGISTERED,BUY,6744,00,6741,00,6747,00,3,00,3,00,1,00,5635,2025-09-23 17:45:00,ef39d4b8-8cd8-46dd-bbd6-0c0b5748963a,PENDING,,-,-,-,-,-
T0067,2025-10-28 15:18:55,CANCELLED,BUY,6744,00,-,-,-,-,-,5642,2025-09-23 19:30:00,-,CANCELLED,BOS contradictorio,-,-,-,-,-
T0068,2025-10-28 15:18:59,REGISTERED,SELL,6705,75,6719,45,6681,25,13,70,24,50,1,79,5745,2025-09-24 22:15:00,LG_15_20250924_171500_SellSide,PENDING,,-,-,-,-,-
T0068,2025-10-28 15:19:00,EXPIRED,SELL,6705,75,-,-,-,-,-,5765,2025-09-25 04:15:00,-,EXPIRED,estructura no existe,-,-,-,-,-
T0069,2025-10-28 15:19:00,REGISTERED,SELL,6694,50,6705,45,6683,55,10,95,10,95,1,00,5774,2025-09-25 06:30:00,ea5711e2-b539-4f42-82b8-9649a5ac6b12,PENDING,,-,-,-,-,-
T0069,2025-10-28 15:19:01,CLOSED,SELL,6694,50,-,6683,55,-,-,-,5774,2025-09-25 06:30:00,-,TP_HIT,TP,5798,2025-09-25 12:30:00,6683,55,10,95,54,75
T0070,2025-10-28 15:19:04,REGISTERED,SELL,6664,50,6678,00,6651,00,13,50,13,50,1,00,5881,2025-09-26 10:15:00,2e347a19-a714-4970-ad24-074fa65cc750,PENDING,,-,-,-,-,-
T0070,2025-10-28 15:19:05,CLOSED,SELL,6664,50,6678,00,-,-,-,-,5881,2025-09-26 10:15:00,-,SL_HIT,SL,5899,2025-09-26 14:45:00,6678,00,-13,50,-67,50
T0071,2025-10-28 15:19:09,REGISTERED,BUY,6723,75,6714,80,6732,70,8,95,8,95,1,00,5981,2025-09-29 12:15:00,e063ac8a-48b1-4f8c-848f-003b61056a19,PENDING,,-,-,-,-,-
T0071,2025-10-28 15:19:10,CLOSED,BUY,6723,75,-,6732,70,-,-,-,5981,2025-09-29 12:15:00,-,TP_HIT,TP,5992,2025-09-29 15:00:00,6732,70,8,95,44,75
T0072,2025-10-28 15:19:10,REGISTERED,BUY,6727,50,6714,80,6740,20,12,70,12,70,1,00,5994,2025-09-29 15:30:00,3e657103-a722-40c0-b4f8-e259d45f4131,PENDING,,-,-,-,-,-
T0072,2025-10-28 15:19:10,CLOSED,BUY,6727,50,6714,80,-,-,-,-,5994,2025-09-29 15:30:00,-,SL_HIT,SL,6002,2025-09-29 17:30:00,6714,80,-12,70,-63,50
T0073,2025-10-28 15:19:10,REGISTERED,BUY,6723,50,6714,80,6732,20,8,70,8,70,1,00,6002,2025-09-29 17:30:00,e8d49de7-8627-473d-8088-66b9a32d678b,PENDING,,-,-,-,-,-
T0073,2025-10-28 15:19:15,CLOSED,BUY,6723,50,-,6732,20,-,-,-,6002,2025-09-29 17:30:00,-,TP_HIT,TP,6110,2025-09-30 21:30:00,6732,20,8,70,43,50
T0074,2025-10-28 15:19:15,REGISTERED,BUY,6723,25,6720,25,6726,25,3,00,3,00,1,00,6110,2025-09-30 21:30:00,11083563-c27f-4c8d-b31d-72e4df36b627,PENDING,,-,-,-,-,-
T0074,2025-10-28 15:19:15,CLOSED,BUY,6723,25,-,6726,25,-,-,-,6110,2025-09-30 21:30:00,-,TP_HIT,TP,6116,2025-09-30 23:00:00,6726,25,3,00,15,00
T0075,2025-10-28 15:19:16,REGISTERED,BUY,6723,25,6720,05,6743,75,3,20,20,50,6,41,6125,2025-10-01 02:15:00,11083563-c27f-4c8d-b31d-72e4df36b627,PENDING,,-,-,-,-,-
T0075,2025-10-28 15:19:18,EXPIRED,BUY,6723,25,-,-,-,-,-,6179,2025-10-01 15:45:00,-,EXPIRED,estructura no existe,-,-,-,-,-
T0076,2025-10-28 15:19:18,REGISTERED,BUY,6724,50,6711,55,6737,45,12,95,12,95,1,00,6179,2025-10-01 15:45:00,89032588-2bc8-4324-8ff8-5a585950f4ff,PENDING,,-,-,-,-,-
T0076,2025-10-28 15:19:18,CLOSED,BUY,6724,50,6711,55,-,-,-,-,6179,2025-10-01 15:45:00,-,SL_HIT,SL,6181,2025-10-01 16:15:00,6711,55,-12,95,-64,75
T0077,2025-10-28 15:19:18,REGISTERED,BUY,6732,75,6729,75,6735,75,3,00,3,00,1,00,6191,2025-10-01 18:45:00,958332b9-9869-4227-bbea-622237832f92,PENDING,,-,-,-,-,-
T0077,2025-10-28 15:19:18,EXPIRED,BUY,6732,75,-,-,-,-,-,6198,2025-10-01 20:30:00,-,EXPIRED,Distancia: 30,50 pts,-,-,-,-,-
T0078,2025-10-28 15:19:19,REGISTERED,BUY,6756,50,6753,50,6769,25,3,00,12,75,4,25,6205,2025-10-01 22:15:00,bc5abd77-6716-4f74-a878-9711ec51e1d7,PENDING,,-,-,-,-,-
T0078,2025-10-28 15:19:19,CLOSED,BUY,6756,50,-,6769,25,-,-,-,6205,2025-10-01 22:15:00,-,TP_HIT,TP,6221,2025-10-02 03:15:00,6769,25,12,75,63,75
T0079,2025-10-28 15:19:20,REGISTERED,BUY,6767,50,6755,80,6779,20,11,70,11,70,1,00,6227,2025-10-02 04:45:00,49c72cd6-0119-41d3-878e-fb0fbaedbe94,PENDING,,-,-,-,-,-
T0079,2025-10-28 15:19:21,CLOSED,BUY,6767,50,-,6779,20,-,-,-,6227,2025-10-02 04:45:00,-,TP_HIT,TP,6265,2025-10-02 14:15:00,6779,20,11,70,58,50
T0080,2025-10-28 15:19:21,REGISTERED,BUY,6775,50,6763,30,6787,70,12,20,12,20,1,00,6265,2025-10-02 14:15:00,57643eb7-86b7-4e9b-b2ef-dd0565e26727,PENDING,,-,-,-,-,-
T0080,2025-10-28 15:19:21,CLOSED,BUY,6775,50,6763,30,-,-,-,-,6265,2025-10-02 14:15:00,-,SL_HIT,SL,6272,2025-10-02 16:00:00,6763,30,-12,20,-61,00
T0081,2025-10-28 15:19:21,REGISTERED,BUY,6776,75,6763,30,6790,20,13,45,13,45,1,00,6272,2025-10-02 16:00:00,c1747702-6287-4eea-a02f-3dbd142ace83,PENDING,,-,-,-,-,-
T0081,2025-10-28 15:19:24,EXPIRED,BUY,6776,75,-,-,-,-,-,6316,2025-10-03 04:00:00,-,EXPIRED,score decayó a 0,48,-,-,-,-,-
T0082,2025-10-28 15:19:25,REGISTERED,BUY,6781,25,6766,80,6795,70,14,45,14,45,1,00,6329,2025-10-03 07:15:00,47da21f1-5cc5-4000-8be3-69ecf85d38ee,PENDING,,-,-,-,-,-
T0082,2025-10-28 15:19:27,CLOSED,BUY,6781,25,6766,80,-,-,-,-,6329,2025-10-03 07:15:00,-,SL_HIT,SL,6360,2025-10-03 15:00:00,6766,80,-14,45,-72,25
T0083,2025-10-28 15:19:27,REGISTERED,BUY,6781,75,6771,80,6791,70,9,95,9,95,1,00,6360,2025-10-03 15:00:00,60508156-23dd-4633-931f-d27b69369c2c,PENDING,,-,-,-,-,-
T0083,2025-10-28 15:19:27,CLOSED,BUY,6781,75,-,6791,70,-,-,-,6360,2025-10-03 15:00:00,-,TP_HIT,TP,6367,2025-10-03 16:45:00,6791,70,9,95,49,75
T0084,2025-10-28 15:19:28,REGISTERED,BUY,6795,25,6782,30,6808,20,12,95,12,95,1,00,6377,2025-10-03 19:15:00,fdf69f5e-1a91-413f-8e5c-205ee160e657,PENDING,,-,-,-,-,-
T0084,2025-10-28 15:19:28,CANCELLED,BUY,6795,25,-,-,-,-,-,6380,2025-10-03 20:00:00,-,CANCELLED,BOS contradictorio,-,-,-,-,-
T0085,2025-10-28 15:19:28,REGISTERED,BUY,6780,25,6766,05,6795,75,14,20,15,50,1,09,6382,2025-10-03 20:30:00,7466050f-cb9f-4649-a155-7482dfe5d6c6,PENDING,,-,-,-,-,-
T0085,2025-10-28 15:19:28,CANCELLED,BUY,6780,25,-,-,-,-,-,6386,2025-10-03 21:30:00,-,CANCELLED,BOS contradictorio,-,-,-,-,-
T0086,2025-10-28 15:19:28,REGISTERED,BUY,6776,25,6765,30,6787,20,10,95,10,95,1,00,6387,2025-10-03 21:45:00,e8fba5e5-fd3b-4a30-9616-2a833c585330,PENDING,,-,-,-,-,-
T0086,2025-10-28 15:19:28,CANCELLED,BUY,6776,25,-,-,-,-,-,6388,2025-10-03 22:00:00,-,CANCELLED,BOS contradictorio,-,-,-,-,-
T0087,2025-10-28 15:19:29,REGISTERED,BUY,6787,50,6776,05,6798,95,11,45,11,45,1,00,6399,2025-10-06 01:45:00,79d4e83e-b102-4653-a662-5af010643b23,PENDING,,-,-,-,-,-
T0087,2025-10-28 15:19:32,CLOSED,BUY,6787,50,6776,05,-,-,-,-,6399,2025-10-06 01:45:00,-,SL_HIT,SL,6431,2025-10-06 09:45:00,6776,05,-11,45,-57,25
T0088,2025-10-28 15:19:32,REGISTERED,BUY,6782,50,6774,55,6790,45,7,95,7,95,1,00,6431,2025-10-06 09:45:00,1658c4cd-e789-4342-881e-fb7afb20e177,PENDING,,-,-,-,-,-
T0088,2025-10-28 15:19:32,CLOSED,BUY,6782,50,-,6790,45,-,-,-,6431,2025-10-06 09:45:00,-,TP_HIT,TP,6443,2025-10-06 12:45:00,6790,45,7,95,39,75
T0089,2025-10-28 15:19:32,REGISTERED,BUY,6776,50,6771,55,6783,00,4,95,6,50,1,31,6445,2025-10-06 13:15:00,cb8f6837-29cc-45e1-a562-15f04f264585,PENDING,,-,-,-,-,-
T0089,2025-10-28 15:19:33,CLOSED,BUY,6776,50,6771,55,-,-,-,-,6445,2025-10-06 13:15:00,-,SL_HIT,SL,6456,2025-10-06 16:00:00,6771,55,-4,95,-24,75
T0090,2025-10-28 15:19:33,REGISTERED,BUY,6773,75,6766,05,6783,50,7,70,9,75,1,27,6458,2025-10-06 16:30:00,9fbe5ac2-9293-44f5-8d5a-77cf55d6ce46,PENDING,,-,-,-,-,-
T0090,2025-10-28 15:19:34,CLOSED,BUY,6773,75,-,6783,50,-,-,-,6458,2025-10-06 16:30:00,-,TP_HIT,TP,6461,2025-10-06 17:15:00,6783,50,9,75,48,75
T0091,2025-10-28 15:19:34,REGISTERED,BUY,6793,75,6781,30,6806,20,12,45,12,45,1,00,6463,2025-10-06 17:45:00,LG_15_20251006_141500_BuySide,PENDING,,-,-,-,-,-
T0091,2025-10-28 15:19:35,CLOSED,BUY,6793,75,6781,30,-,-,-,-,6463,2025-10-06 17:45:00,-,SL_HIT,SL,6488,2025-10-07 01:00:00,6781,30,-12,45,-62,25
T0092,2025-10-28 15:19:36,REGISTERED,BUY,6782,50,6775,05,6789,95,7,45,7,45,1,00,6501,2025-10-07 04:15:00,c842e3a2-1128-4fc2-8e16-3d14b01ceb90,PENDING,,-,-,-,-,-
T0092,2025-10-28 15:19:36,CANCELLED,BUY,6782,50,-,-,-,-,-,6502,2025-10-07 04:30:00,-,CANCELLED,BOS contradictorio,-,-,-,-,-
T0093,2025-10-28 15:19:37,REGISTERED,BUY,6791,00,6778,55,6803,45,12,45,12,45,1,00,6511,2025-10-07 06:45:00,21ff8e1d-74e6-4e22-afb3-850a8ffe9f0b,PENDING,,-,-,-,-,-
T0093,2025-10-28 15:19:39,EXPIRED,BUY,6791,00,-,-,-,-,-,6540,2025-10-07 14:00:00,-,EXPIRED,estructura no existe,-,-,-,-,-
T0094,2025-10-28 15:19:39,REGISTERED,BUY,6798,75,6784,05,6813,45,14,70,14,70,1,00,6545,2025-10-07 15:15:00,bf01d6ca-bb8c-4ff2-abfe-f6f8248f862a,PENDING,,-,-,-,-,-
T0094,2025-10-28 15:19:40,CLOSED,BUY,6798,75,6784,05,-,-,-,-,6545,2025-10-07 15:15:00,-,SL_HIT,SL,6550,2025-10-07 16:30:00,6784,05,-14,70,-73,50
T0095,2025-10-28 15:19:40,REGISTERED,BUY,6788,25,6773,80,6802,70,14,45,14,45,1,00,6550,2025-10-07 16:30:00,607a41fc-a71f-4b98-b34c-69289c160d66,PENDING,,-,-,-,-,-
T0095,2025-10-28 15:19:40,CANCELLED,BUY,6788,25,-,-,-,-,-,6551,2025-10-07 16:45:00,-,CANCELLED,BOS contradictorio,-,-,-,-,-
T0096,2025-10-28 15:19:43,REGISTERED,SELL,6766,75,6775,50,6755,75,8,75,11,00,1,26,6605,2025-10-08 07:15:00,c8be6e6e-381c-48a4-a78d-cbbd1fb8a4c0,PENDING,,-,-,-,-,-
T0096,2025-10-28 15:19:44,CLOSED,SELL,6766,75,6775,50,-,-,-,-,6605,2025-10-08 07:15:00,-,SL_HIT,SL,6629,2025-10-08 13:15:00,6775,50,-8,75,-43,75
T0097,2025-10-28 15:19:45,REGISTERED,SELL,6770,00,6779,50,6759,25,9,50,10,75,1,13,6640,2025-10-08 16:00:00,d643c908-5f6e-48fd-b86c-b09f134a0aff,PENDING,,-,-,-,-,-
T0097,2025-10-28 15:19:45,CANCELLED,SELL,6770,00,-,-,-,-,-,6641,2025-10-08 16:15:00,-,CANCELLED,BOS contradictorio,-,-,-,-,-
T0098,2025-10-28 15:19:45,REGISTERED,BUY,6782,75,6769,05,6796,45,13,70,13,70,1,00,6643,2025-10-08 16:45:00,49dc94be-3873-459e-870f-a60eb3594416,PENDING,,-,-,-,-,-
T0098,2025-10-28 15:19:47,EXPIRED,BUY,6782,75,-,-,-,-,-,6663,2025-10-08 21:45:00,-,EXPIRED,estructura no existe,-,-,-,-,-
T0099,2025-10-28 15:19:47,REGISTERED,BUY,6795,25,6784,30,6806,20,10,95,10,95,1,00,6663,2025-10-08 21:45:00,3ab6b71b-10b4-42bb-909b-28c0b36ea898,PENDING,,-,-,-,-,-
T0099,2025-10-28 15:19:48,EXPIRED,BUY,6795,25,-,-,-,-,-,6683,2025-10-09 03:45:00,-,EXPIRED,estructura no existe,-,-,-,-,-
T0100,2025-10-28 15:19:48,REGISTERED,BUY,6804,75,6792,05,6817,45,12,70,12,70,1,00,6683,2025-10-09 03:45:00,894f05b3-2970-42b8-98d2-fa6446583674,PENDING,,-,-,-,-,-
T0100,2025-10-28 15:19:51,CLOSED,BUY,6804,75,6792,05,-,-,-,-,6683,2025-10-09 03:45:00,-,SL_HIT,SL,6732,2025-10-09 16:00:00,6792,05,-12,70,-63,50
T0101,2025-10-28 15:19:51,REGISTERED,BUY,6795,75,6789,25,6802,25,6,50,6,50,1,00,6732,2025-10-09 16:00:00,fd7903f1-8f7b-41bf-be04-98beaa6308d4,PENDING,,-,-,-,-,-
T0101,2025-10-28 15:19:51,CANCELLED,BUY,6795,75,-,-,-,-,-,6734,2025-10-09 16:30:00,-,CANCELLED,BOS contradictorio,-,-,-,-,-
T0102,2025-10-28 15:19:51,REGISTERED,BUY,6783,75,6780,75,6786,75,3,00,3,00,1,00,6737,2025-10-09 17:15:00,b5e55a19-d8ec-4ec9-86c1-ac1e82f06193,PENDING,,-,-,-,-,-
T0102,2025-10-28 15:19:52,CANCELLED,BUY,6783,75,-,-,-,-,-,6738,2025-10-09 17:30:00,-,CANCELLED,BOS contradictorio,-,-,-,-,-
T0103,2025-10-28 15:19:53,REGISTERED,BUY,6795,25,6791,50,6799,00,3,75,3,75,1,00,6763,2025-10-10 00:45:00,bf8758e1-fe6b-4ba8-99fb-7cc7fa51de76,PENDING,,-,-,-,-,-
T0103,2025-10-28 15:19:59,EXPIRED,BUY,6795,25,-,-,-,-,-,6823,2025-10-10 15:45:00,-,EXPIRED,estructura no existe,-,-,-,-,-
T0104,2025-10-28 15:19:59,REGISTERED,BUY,6795,75,6783,05,6808,45,12,70,12,70,1,00,6823,2025-10-10 15:45:00,fd7903f1-8f7b-41bf-be04-98beaa6308d4,PENDING,,-,-,-,-,-
T0104,2025-10-28 15:19:59,CLOSED,BUY,6795,75,6783,05,-,-,-,-,6823,2025-10-10 15:45:00,-,SL_HIT,SL,6828,2025-10-10 17:00:00,6783,05,-12,70,-63,50
T0105,2025-10-28 15:20:01,REGISTERED,SELL,6666,25,6678,00,6654,50,11,75,11,75,1,00,6863,2025-10-13 02:45:00,cd88223e-f509-42e5-9921-74a8b288a913,PENDING,,-,-,-,-,-
T0105,2025-10-28 15:20:04,EXPIRED,SELL,6666,25,-,-,-,-,-,6905,2025-10-13 13:15:00,-,EXPIRED,estructura no existe,-,-,-,-,-
T0106,2025-10-28 15:20:05,REGISTERED,SELL,6695,00,6708,50,6680,75,13,50,14,25,1,06,6928,2025-10-13 19:00:00,990da045-8138-4ab6-999c-ae156628b174,PENDING,,-,-,-,-,-
T0106,2025-10-28 15:20:07,CLOSED,SELL,6695,00,6708,50,-,-,-,-,6928,2025-10-13 19:00:00,-,SL_HIT,SL,6954,2025-10-14 02:30:00,6708,50,-13,50,-67,50
T0107,2025-10-28 15:20:07,REGISTERED,SELL,6709,50,6719,00,6690,25,9,50,19,25,2,03,6955,2025-10-14 02:45:00,377550ad-168e-4e73-8f0b-0036e1016ef1,PENDING,,-,-,-,-,-
T0107,2025-10-28 15:20:08,CLOSED,SELL,6709,50,-,6690,25,-,-,-,6955,2025-10-14 02:45:00,-,TP_HIT,TP,6969,2025-10-14 06:15:00,6690,25,19,25,96,25
T0108,2025-10-28 15:20:08,REGISTERED,SELL,6667,75,6682,00,6653,50,14,25,14,25,1,00,6972,2025-10-14 07:00:00,afad0af0-6c53-4537-bd55-745ef0d945f9,PENDING,,-,-,-,-,-
T0108,2025-10-28 15:20:09,CLOSED,SELL,6667,75,-,6653,50,-,-,-,6972,2025-10-14 07:00:00,-,TP_HIT,TP,6975,2025-10-14 07:45:00,6653,50,14,25,71,25
T0109,2025-10-28 15:20:09,REGISTERED,SELL,6648,75,6659,20,6637,75,10,45,11,00,1,05,6978,2025-10-14 08:30:00,49056775-53f3-4953-a185-f12db2c7b336,PENDING,,-,-,-,-,-
T0109,2025-10-28 15:20:09,CLOSED,SELL,6648,75,-,6637,75,-,-,-,6978,2025-10-14 08:30:00,-,TP_HIT,TP,6981,2025-10-14 09:15:00,6637,75,11,00,55,00
T0110,2025-10-28 15:20:09,REGISTERED,SELL,6623,00,6634,25,6611,75,11,25,11,25,1,00,6983,2025-10-14 09:45:00,LG_5_20251014_094000_SellSide,PENDING,,-,-,-,-,-
T0110,2025-10-28 15:20:10,CLOSED,SELL,6623,00,-,6611,75,-,-,-,6983,2025-10-14 09:45:00,-,TP_HIT,TP,6996,2025-10-14 13:00:00,6611,75,11,25,56,25
T0111,2025-10-28 15:20:11,REGISTERED,SELL,6648,75,6657,25,6637,75,8,50,11,00,1,29,7011,2025-10-14 16:45:00,d0a899d6-1cac-4dba-9477-ef768a5f93b8,PENDING,,-,-,-,-,-
T0111,2025-10-28 15:20:26,EXPIRED,SELL,6648,75,-,-,-,-,-,7209,2025-10-16 20:15:00,-,EXPIRED,estructura no existe,-,-,-,-,-
T0112,2025-10-28 15:20:29,REGISTERED,SELL,6628,75,6631,75,6625,00,3,00,3,75,1,25,7251,2025-10-17 07:45:00,4398a9fc-8e90-4ad7-925a-6363dcd7722e,PENDING,,-,-,-,-,-
T0112,2025-10-28 15:20:29,CLOSED,SELL,6628,75,6631,75,-,-,-,-,7251,2025-10-17 07:45:00,-,SL_HIT,SL,7253,2025-10-17 08:15:00,6631,75,-3,00,-15,00
T0113,2025-10-28 15:20:30,REGISTERED,SELL,6604,75,6616,00,6586,75,11,25,18,00,1,60,7271,2025-10-17 12:45:00,LG_5_20251017_123500_BuySide,PENDING,,-,-,-,-,-
T0113,2025-10-28 15:20:30,CLOSED,SELL,6604,75,6616,00,-,-,-,-,7271,2025-10-17 12:45:00,-,SL_HIT,SL,7273,2025-10-17 13:15:00,6616,00,-11,25,-56,25
T0114,2025-10-28 15:20:43,REGISTERED,BUY,6775,50,6762,05,6788,95,13,45,13,45,1,00,7412,2025-10-21 02:00:00,e9831fd7-1eeb-43b5-a52a-f293f159eefe,PENDING,,-,-,-,-,-
T0114,2025-10-28 15:20:49,CLOSED,BUY,6775,50,6762,05,-,-,-,-,7412,2025-10-21 02:00:00,-,SL_HIT,SL,7468,2025-10-21 16:00:00,6762,05,-13,45,-67,25
T0115,2025-10-28 15:20:52,REGISTERED,BUY,6770,00,6758,80,6781,20,11,20,11,20,1,00,7499,2025-10-22 00:45:00,82207b68-616c-4238-a377-8162ac6430a2,PENDING,,-,-,-,-,-
T0115,2025-10-28 15:20:55,CLOSED,BUY,6770,00,-,6781,20,-,-,-,7499,2025-10-22 00:45:00,-,TP_HIT,TP,7521,2025-10-22 06:15:00,6781,20,11,20,56,00
T0116,2025-10-28 15:20:56,REGISTERED,BUY,6775,25,6764,05,6790,00,11,20,14,75,1,32,7537,2025-10-22 10:15:00,9d02cf65-c048-4f43-9611-aa40e5d557b1,PENDING,,-,-,-,-,-
T0116,2025-10-28 15:20:59,CLOSED,BUY,6775,25,6764,05,-,-,-,-,7537,2025-10-22 10:15:00,-,SL_HIT,SL,7559,2025-10-22 15:45:00,6764,05,-11,20,-56,00
T0117,2025-10-28 15:20:59,REGISTERED,SELL,6744,25,6756,25,6732,25,12,00,12,00,1,00,7563,2025-10-22 16:45:00,a453b265-cb46-4ad0-9364-f24630d1a431,PENDING,,-,-,-,-,-
T0117,2025-10-28 15:20:59,CLOSED,SELL,6744,25,6756,25,-,-,-,-,7563,2025-10-22 16:45:00,-,SL_HIT,SL,7565,2025-10-22 17:15:00,6756,25,-12,00,-60,00
T0118,2025-10-28 15:20:59,REGISTERED,SELL,6762,25,6776,95,6739,50,14,70,22,75,1,55,7565,2025-10-22 17:15:00,LG_5_20251022_162000_SellSide,PENDING,,-,-,-,-,-
T0118,2025-10-28 15:21:01,EXPIRED,SELL,6762,25,-,-,-,-,-,7585,2025-10-22 22:15:00,-,EXPIRED,estructura no existe,-,-,-,-,-
T0119,2025-10-28 15:21:02,REGISTERED,SELL,6736,25,6747,00,6725,50,10,75,10,75,1,00,7601,2025-10-23 03:15:00,LG_5_20251023_025500_BuySide,PENDING,,-,-,-,-,-
T0119,2025-10-28 15:21:06,CLOSED,SELL,6736,25,-,6725,50,-,-,-,7601,2025-10-23 03:15:00,-,TP_HIT,TP,7644,2025-10-23 14:00:00,6725,50,10,75,53,75
T0120,2025-10-28 15:21:07,REGISTERED,SELL,6748,75,6754,75,6738,00,6,00,10,75,1,79,7651,2025-10-23 15:45:00,LG_5_20251023_154000_BuySide,PENDING,,-,-,-,-,-
T0120,2025-10-28 15:21:07,CLOSED,SELL,6748,75,6754,75,-,-,-,-,7651,2025-10-23 15:45:00,-,SL_HIT,SL,7654,2025-10-23 16:30:00,6754,75,-6,00,-30,00
T0121,2025-10-28 15:21:07,REGISTERED,SELL,6741,00,6753,00,6719,75,12,00,21,25,1,77,7654,2025-10-23 16:30:00,f6f5bebc-4d2a-409a-a864-e14f0e1262f9,PENDING,,-,-,-,-,-
T0121,2025-10-28 15:21:07,CANCELLED,SELL,6741,00,-,-,-,-,-,7656,2025-10-23 17:00:00,-,CANCELLED,BOS contradictorio,-,-,-,-,-
T0122,2025-10-28 15:21:10,REGISTERED,BUY,6782,00,6776,55,6787,45,5,45,5,45,1,00,7676,2025-10-23 22:00:00,feea8473-f3d8-4b04-9d3d-9c68a124b14c,PENDING,,-,-,-,-,-
T0122,2025-10-28 15:21:13,CLOSED,BUY,6782,00,-,6787,45,-,-,-,7676,2025-10-23 22:00:00,-,TP_HIT,TP,7702,2025-10-24 05:30:00,6787,45,5,45,27,25
T0123,2025-10-28 15:21:14,REGISTERED,BUY,6791,50,6776,55,6806,45,14,95,14,95,1,00,7713,2025-10-24 08:15:00,968643f6-5154-4c43-b7b5-44f36a15f931,PENDING,,-,-,-,-,-
T0123,2025-10-28 15:21:16,CLOSED,BUY,6791,50,-,6806,45,-,-,-,7713,2025-10-24 08:15:00,-,TP_HIT,TP,7739,2025-10-24 14:45:00,6806,45,14,95,74,75
T0124,2025-10-28 15:21:17,REGISTERED,BUY,6824,75,6811,05,6838,45,13,70,13,70,1,00,7748,2025-10-24 17:00:00,3f28eacb-e0dd-49df-9f6d-88a3252f037b,PENDING,,-,-,-,-,-
T0124,2025-10-28 15:21:17,CLOSED,BUY,6824,75,-,6838,45,-,-,-,7748,2025-10-24 17:00:00,-,TP_HIT,TP,7750,2025-10-24 17:30:00,6838,45,13,70,68,50
T0125,2025-10-28 15:21:18,REGISTERED,BUY,6829,75,6815,30,6844,20,14,45,14,45,1,00,7768,2025-10-24 22:00:00,68454bd8-47f0-4ddc-b850-f5b777dcb94b,PENDING,,-,-,-,-,-
T0125,2025-10-28 15:21:19,CLOSED,BUY,6829,75,-,6844,20,-,-,-,7768,2025-10-24 22:00:00,-,TP_HIT,TP,7774,2025-10-26 23:30:00,6844,20,14,45,72,25
T0126,2025-10-28 15:21:19,REGISTERED,BUY,6871,75,6868,50,6897,00,3,25,25,25,7,77,7789,2025-10-27 03:15:00,1d308139-4d21-4a19-b829-2829615f7966,PENDING,,-,-,-,-,-
T0126,2025-10-28 15:21:24,CLOSED,BUY,6871,75,-,6897,00,-,-,-,7789,2025-10-27 03:15:00,-,TP_HIT,TP,7855,2025-10-27 19:45:00,6897,00,25,25,126,25
T0127,2025-10-28 15:21:25,REGISTERED,BUY,6908,00,6893,80,6922,20,14,20,14,20,1,00,7867,2025-10-27 23:45:00,51733942-05e7-466a-904c-fae526c9c77f,PENDING,,-,-,-,-,-
T0127,2025-10-28 15:21:29,CLOSED,BUY,6908,00,-,6922,20,-,-,-,7867,2025-10-27 23:45:00,-,TP_HIT,TP,7925,2025-10-28 14:15:00,6922,20,14,20,71,00
T0128,2025-10-28 15:21:29,REGISTERED,BUY,6916,00,6901,30,6930,70,14,70,14,70,1,00,7927,2025-10-28 14:45:00,aa84f747-9f8b-47e0-b787-1cb9cf3d5fe7,PENDING,,-,-,-,-,-
